image,x_center,y_center,width,height,area,aspect_ratio,severity_cluster,severity_label,predicted_severity
download (1).jpg,140.371525,124.684188,91.422079,49.224202,4500.178883955958,1.8572587321984417,0,High,High
download (1).jpg,185.989195,13.3701308,142.674294,26.062347999999997,3718.4271008823116,5.4743453659662595,-1,Medium,High
download.jpg,123.95691000000001,125.89891800000001,120.96789,73.23916,8859.586650572399,1.6516831978957704,-1,High,
images (1).jpg,10.599902499999999,115.781172,21.137985,53.112822,1122.69803474367,0.3979827131008027,-1,Low,
images (2).jpg,79.94002499999999,128.009232,55.594550000000005,24.936678,1386.3433919049003,2.229428875810964,1,Low,
images (3).jpg,133.728952,107.02902399999999,86.491755,48.807878,4221.47902604589,1.772085953009471,0,High,
images.jpg,79.94002499999999,128.009232,55.594550000000005,24.936678,1386.3433919049003,2.229428875810964,1,Low,
